"","id","test_idx"
"1",1,164
"2",2,164
"3",3,313
"4",4,313
"5",5,313
"6",6,313
"7",7,313
"8",8,313
"9",9,313
"10",10,313
"11",11,313
"12",12,313
"13",13,313
"14",14,313
"15",15,313
"16",16,313
"17",17,313
"18",18,313
"19",19,319
"20",20,319
"21",21,319
"22",22,319
"23",23,319
"24",24,319
"25",25,319
"26",26,319
"27",27,319
"28",28,319
"29",29,319
"30",30,319
"31",31,319
"32",32,319
"33",33,319
"34",34,319
"35",35,319
"36",36,319
"37",37,319
"38",38,319
"39",39,319
"40",40,319
"41",41,319
"42",42,319
"43",43,319
"44",44,319
"45",45,319
"46",46,319
"47",47,319
"48",48,319
"49",49,319
"50",50,319
"51",51,319
"52",52,319
"53",53,319
"54",54,319
"55",55,319
"56",56,319
"57",57,319
"58",58,319
"59",59,319
"60",60,319
"61",61,319
"62",62,319
"63",63,319
"64",64,319
"65",65,319
"66",66,319
"67",67,319
"68",68,319
"69",69,319
"70",70,319
"71",71,319
"72",72,319
"73",73,319
"74",74,319
"75",75,319
"76",76,319
"77",77,319
"78",78,319
"79",79,319
"80",80,319
"81",81,319
"82",82,319
"83",83,319
"84",84,319
"85",85,319
"86",86,319
"87",87,319
"88",88,319
"89",89,319
"90",90,319
"91",91,319
"92",92,319
"93",93,319
"94",94,319
"95",95,319
"96",96,319
"97",97,319
"98",98,319
"99",99,319
"100",100,319
"101",101,319
"102",102,319
"103",103,319
"104",104,319
"105",105,319
"106",106,319
"107",107,319
"108",108,319
"109",109,320
"110",110,320
"111",111,320
"112",112,320
"113",113,320
"114",114,320
"115",115,320
"116",116,320
"117",117,320
"118",118,320
"119",119,320
"120",120,320
"121",121,320
"122",122,320
"123",123,320
"124",124,320
"125",125,320
"126",126,320
"127",127,320
"128",128,320
"129",129,320
"130",130,320
"131",131,320
"132",132,320
"133",133,320
"134",134,320
"135",135,320
"136",136,320
"137",137,320
"138",138,320
"139",139,320
"140",140,320
"141",141,320
"142",142,320
"143",143,320
"144",144,320
"145",145,320
"146",146,320
"147",147,320
"148",148,320
"149",149,320
"150",150,320
"151",151,320
"152",152,320
"153",153,320
"154",154,320
"155",155,320
"156",156,320
"157",157,320
"158",158,320
"159",159,320
"160",160,320
"161",161,320
"162",162,320
"163",163,320
"164",164,320
"165",165,320
"166",166,320
"167",167,320
"168",168,320
"169",169,320
"170",170,320
"171",171,320
"172",172,320
"173",173,320
"174",174,320
"175",175,320
"176",176,320
"177",177,320
"178",178,320
"179",179,320
"180",180,320
"181",181,320
"182",182,320
"183",183,320
"184",184,320
"185",185,320
"186",186,320
"187",187,322
"188",188,322
"189",189,322
"190",190,322
"191",191,322
"192",192,322
"193",193,322
"194",194,322
"195",195,322
"196",196,322
"197",197,322
"198",198,322
"199",199,322
"200",200,322
"201",201,322
"202",202,322
"203",203,322
"204",204,322
"205",205,322
"206",206,322
"207",207,322
"208",208,322
"209",209,322
"210",210,322
"211",211,322
"212",212,322
"213",213,322
"214",214,322
"215",215,322
"216",216,322
"217",217,322
"218",218,322
"219",219,322
"220",220,322
"221",221,322
"222",222,322
"223",223,322
"224",224,322
"225",225,322
"226",226,322
"227",227,322
"228",228,322
"229",229,322
"230",230,322
"231",231,322
"232",232,322
"233",233,322
"234",234,322
"235",235,322
"236",236,322
"237",237,322
"238",238,322
"239",239,322
"240",240,322
"241",241,322
"242",242,322
"243",243,322
"244",244,322
"245",245,322
"246",246,322
"247",247,322
"248",248,322
"249",249,322
"250",250,322
"251",251,322
"252",252,322
"253",253,322
"254",254,322
"255",255,322
"256",256,322
"257",257,322
"258",258,322
"259",259,322
"260",260,322
"261",261,322
"262",262,322
"263",263,322
"264",264,322
"265",265,322
"266",266,322
"267",267,322
"268",268,322
"269",269,322
"270",270,322
"271",271,322
"272",272,322
"273",273,322
"274",274,322
"275",275,322
"276",276,322
"277",277,322
"278",278,322
"279",279,322
"280",280,322
"281",281,322
"282",282,322
"283",283,322
"284",284,322
"285",285,322
"286",286,322
"287",287,322
"288",288,322
"289",289,322
"290",290,322
"291",291,322
"292",292,322
"293",293,322
"294",294,322
"295",295,322
"296",296,322
"297",297,322
"298",298,322
"299",299,322
"300",300,322
"301",301,322
"302",302,322
"303",303,322
"304",304,322
"305",305,322
"306",306,322
"307",307,322
"308",308,322
"309",309,322
"310",310,322
"311",311,322
"312",312,322
"313",313,322
"314",314,322
"315",315,322
"316",316,322
"317",317,322
"318",318,322
"319",319,322
"320",320,322
"321",321,322
"322",322,322
"323",323,322
"324",324,322
"325",325,322
"326",326,322
"327",327,322
"328",328,322
"329",329,322
"330",330,322
"331",331,322
"332",332,322
"333",333,322
"334",334,322
"335",335,322
"336",336,322
"337",337,322
"338",338,322
"339",339,322
"340",340,322
"341",341,322
"342",342,322
"343",343,322
"344",344,322
"345",345,322
"346",346,322
"347",347,322
"348",348,322
"349",349,322
"350",350,322
"351",351,322
"352",352,322
"353",353,322
"354",354,322
"355",355,241
"356",356,241
"357",357,241
"358",358,241
"359",359,241
"360",360,241
"361",361,241
"362",362,241
"363",363,241
"364",364,241
"365",365,241
"366",366,241
